{"WheelTypes":[1,4,2],"ReflectorType":1,"EnableDiagonalBoard":true,"CurrentEntry":"A","InputLetter":"G","MapEntries":[{"StepsAheadOfKey":13,"LeftChar":"A","RightChar":"S"},{"StepsAheadOfKey":7,"LeftChar":"S","RightChar":"V"},{"StepsAheadOfKey":16,"LeftChar":"E","RightChar":"V"},{"StepsAheadOfKey":2,"LeftChar":"E","RightChar":"N"},{"StepsAheadOfKey":11,"LeftChar":"E","RightChar":"U"},{"StepsAheadOfKey":5,"LeftChar":"E","RightChar":"G"},{"StepsAheadOfKey":15,"LeftChar":"G","RightChar":"L"},{"StepsAheadOfKey":6,"LeftChar":"G","RightChar":"R"},{"StepsAheadOfKey":12,"LeftChar":"G","RightChar":"R"},{"StepsAheadOfKey":14,"LeftChar":"A","RightChar":"R"},{"StepsAheadOfKey":9,"LeftChar":"R","RightChar":"Z"},{"StepsAheadOfKey":10,"LeftChar":"H","RightChar":"Z"}]}